860,442,RCH 101
732,514,RCH 102
573,700,RCH 103
471,629,RCH 103E1
633,602,RCH 103E2
437,723,RCH 104
436,653,RCH 104E1
308,696,RCH 105
204,600,RCH 105E1
402,625,RCH 105E2
106,504,RCH 106
187,548,RCH 106E1
210,510,RCH 107
337,446,RCH 108
428,522,RCH 108E1
429,366,RCH 108E2
106,390,RCH 109
182,344,RCH 109E1
304,193,RCH 110
210,278,RCH 110E1
404,262,RCH 110E2
440,170,RCH 111
438,235,RCH 111E1
574,192,RCH 112
470,262,RCH 112E1
635,283,RCH 112E2
732,376,RCH 113
949,133,RCH 114
951,166,RCH 114E1
950,758,RCH 115
952,718,RCH 115E1
902,705,RCH 116
862,632,RCH 116E1
690,510,RCH 117
701,365,RCH 118
215,563,RCH 119H1
460,556,RCH 119H2
510,561,RCH 119H3
633,565,RCH 119H4
733,561,RCH 119H5
834,560,RCH 119H6
183,573,RCH 120E1
118,574,RCH 120S
118,314,RCH 121S
212,318,RCH 122H1
427,326,RCH 122H2
506,326,RCH 122H3
639,328,RCH 122H4
703,328,RCH 122H5
734,325,RCH 122H6
834,329,RCH 122H7
512,446,RCH 123
900,191,RCH 124
862,260,RCH 124E1
738,278,RCH 125
738,615,RCH 126
438,266,RCH 127
439,626,RCH 128
460,589,RCH 128E1
