780,402,RCH 201
908,632,RCH 201E1
902,168,RCH 201E2
700,336,RCH 202
620,550,RCH 203
504,616,RCH 204
472,545,RCH 204E1
482,678,RCH 204E2
278,551,RCH 205
256,555,RCH 206
117,395,RCH 207
182,310,RCH 207E1
184,489,RCH 207E2
349,468,RCH 208
349,331,RCH 209
187,228,RCH 210
385,191,RCH 211
218,240,RCH 211E1
423,254,RCH 211E2
423,120,RCH 211E3
543,248,RCH 212
696,454,RCH 202A
711,558,RCH 213
631,461,RCH 214
660,429,RCH 215
591,420,RCH 216
556,403,RCH 217
450,400,RCH 218
203,501,RCH 220H1
263,500,RCH 220H2
391,500,RCH 220H3
452,501,RCH 220H4
625,504,RCH 220H5
663,509,RCH 220H6
747,502,RCH 220H7
389,620,RCH 220H8
376,396,RCH 220H9
517,396,RCH 220H10
136,538,RCH 221S
505,129,RCH 223H10
468,104,RCH 223H11
511,195,RCH 223H8
136,263,RCH 222S
211,296,RCH 223H1
357,300,RCH 223H2
445,300,RCH 223H3
505,296,RCH 223H4
658,296,RCH 223H5
696,296,RCH 223H6
751,297,RCH 223H7
437,101,RCH 224
460,140,RCH 225
657,333,RCH 226
708,244,RCH 227
799,241,RCH 228
796,558,RCH 229
508,96,RCH 235
667,176,RCH 236
667,624,RCH 237
